{
  "profile": [
    {
      "nm": "국연수",
      "pic": "https://www.google.com/url?sa=i&url=https%3A%2F%2Fnamu.wiki%2Fw%2F%25EA%25B5%25AD%25EC%2597%25B0%25EC%2588%2598&psig=AOvVaw0j6JO2g5GGoWYnDfeeXNjl&ust=1702539182259000&source=images&cd=vfe&opi=89978449&ved=0CBEQjRxqFwoTCJDp_evyi4MDFQAAAAAdAAAAABAD",
      "birth": "2023-12-13",
      "startedAt": "2023-12-13",
      "partnerPic": "string",
      "partnerNm": "",
      "partnerBirth": ""
    },
    {
      "nm": "국연수",
      "pic": "https://www.google.com/url?sa=i&url=https%3A%2F%2Fnamu.wiki%2Fw%2F%25EA%25B5%25AD%25EC%2597%25B0%25EC%2588%2598&psig=AOvVaw0j6JO2g5GGoWYnDfeeXNjl&ust=1702539182259000&source=images&cd=vfe&opi=89978449&ved=0CBEQjRxqFwoTCJDp_evyi4MDFQAAAAAdAAAAABAD",
      "birth": "2023-12-13",
      "startedAt": "2023-12-13",
      "partnerPic": "string",
      "partnerNm": "",
      "partnerBirth": ""
    }
  ]
}
