[
  {
    "idx": 1,
    "nm": "프론트",
    "profilePic": "woman.png",
    "title": "첫번째 일기!",
    "contents": "오늘은 부산으로의 여행을 시작했다. 기대감에 가득 찬 마음으로 새로운 경험을 하러 떠났다. 부산에 도착하자마자 느꼈던 시원한 바다 바람은 여행의 첫 순간부터 신선한 충전을 느낄 수 있었다. 오전에는 해운대 해수욕장을 찾아 해변을 거닐었다. 그 길목마다 펼쳐지는 아름다운 풍경과 맑은 바다는 마치 그림 같았다. 부산의 아름다움에 빠져들 수밖에 없었다. 점심에는 부산의 대표 음식인 돼지국밥을 먹으러 가게 되었다. 따뜻한 국물과 고기는 여행 중에도 소중한 에너지원이 되어주었다. 지금까지 먹어보지 못한 맛에 만족스러움이 배가 되었다. 오후에는 부산의 명소 중 하나인 송도해수욕장으로 향했다. 거대한 파도와 해변가에서 즐기는 일몰은 정말로 멋진 풍경이었다. 바다에서 불어오는 바람은 마음까지 시원하게 정화시켜주었다. 저녁에는 부평까지 이어지는 국제시장을 돌아보았다. 다채로운 먹거리와 싸고 다양한 상품들이 나를 마음껏 즐겁게 만들어 주었다. 하루를 마무리할 때, 부산 타워에서 도시의 야경을 감상했다. 조명으로 빛나는 부산의 모습은 정말 환상적이었다. 로맨틱한 분위기에 휩싸이며 여행의 마무리를 지을 수 있어 행복했다. 부산 여행은 정말 멋진 경험이었다. 여러 가지 감각적인 순간들이 나를 기분 좋게 만들어 주었다. 앞으로의 일정이 더 기대되는 순간이었다.",
    "date": "2023-12-16",
    "emoji": "1",
    "diaryPics": ["img1.jpg", "img2.jpg", "img3.jpg"],
    "hashContents": ["부산", "광안리", "해운대", "국밥"]
  },
  {
    "idx": 2,
    "nm": "백",
    "profilePic": "woman.png",
    "title": "네번째 일기!",
    "contents": "그래",
    "date": "2023-12-15",
    "emoji": "2",
    "diaryPics": ["img1.jpg", "img2.jpg", "img3.jpg"],
    "hashContents": ["hash1", "hash2", "hash3", "hash4"]
  },
  {
    "idx": 3,
    "nm": "프론트",
    "profilePic": "woman.png",
    "title": "세번째 일기!",
    "contents": "반갑고말고",
    "date": "2023-12-14",
    "emoji": "3",
    "diaryPics": ["img1.jpg", "img2.jpg", "img3.jpg"],
    "hashContents": ["hash1", "hash3", "hash4"]
  },
  {
    "idx": 4,
    "nm": "백",
    "profilePic": "woman.png",
    "title": "두번째 일기!",
    "contents": "그래그래",
    "date": "2023-12-13",
    "emoji": "4",
    "diaryPics": ["img1.jpg", "img2.jpg", "img3.jpg"],
    "hashContents": ["hash1", "hash2", "hash3", "hash4"]
  },
  {
    "idx": 5,
    "nm": "프론트",
    "profilePic": "woman.png",
    "title": "11월 첫번째 일기!",
    "contents": "오늘은 부산으로의 여행을 시작했다. 기대감에 가득 찬 마음으로 새로운 경험을 하러 떠났다. 부산에 도착하자마자 느꼈던 시원한 바다 바람은 여행의 첫 순간부터 신선한 충전을 느낄 수 있었다. 오전에는 해운대 해수욕장을 찾아 해변을 거닐었다. 그 길목마다 펼쳐지는 아름다운 풍경과 맑은 바다는 마치 그림 같았다. 부산의 아름다움에 빠져들 수밖에 없었다. 점심에는 부산의 대표 음식인 돼지국밥을 먹으러 가게 되었다. 따뜻한 국물과 고기는 여행 중에도 소중한 에너지원이 되어주었다. 지금까지 먹어보지 못한 맛에 만족스러움이 배가 되었다. 오후에는 부산의 명소 중 하나인 송도해수욕장으로 향했다. 거대한 파도와 해변가에서 즐기는 일몰은 정말로 멋진 풍경이었다. 바다에서 불어오는 바람은 마음까지 시원하게 정화시켜주었다. 저녁에는 부평까지 이어지는 국제시장을 돌아보았다. 다채로운 먹거리와 싸고 다양한 상품들이 나를 마음껏 즐겁게 만들어 주었다. 하루를 마무리할 때, 부산 타워에서 도시의 야경을 감상했다. 조명으로 빛나는 부산의 모습은 정말 환상적이었다. 로맨틱한 분위기에 휩싸이며 여행의 마무리를 지을 수 있어 행복했다. 부산 여행은 정말 멋진 경험이었다. 여러 가지 감각적인 순간들이 나를 기분 좋게 만들어 주었다. 앞으로의 일정이 더 기대되는 순간이었다.",
    "date": "2023-11-16",
    "emoji": "1",
    "diaryPics": ["img1.jpg", "img2.jpg", "img3.jpg"],
    "hashContents": ["부산", "광안리", "해운대", "국밥"]
  },
  {
    "idx": 6,
    "nm": "백",
    "profilePic": "woman.png",
    "title": "11월 네번째 일기!",
    "contents": "그래",
    "date": "2023-11-15",
    "emoji": "2",
    "diaryPics": ["img1.jpg", "img2.jpg", "img3.jpg"],
    "hashContents": ["hash1", "hash2", "hash3", "hash4"]
  },
  {
    "idx": 7,
    "nm": "프론트",
    "profilePic": "woman.png",
    "title": "11월 세번째 일기!",
    "contents": "반갑고말고",
    "date": "2023-11-14",
    "emoji": "3",
    "diaryPics": ["img1.jpg", "img2.jpg", "img3.jpg"],
    "hashContents": ["hash1", "hash3", "hash4"]
  },
  {
    "idx": 8,
    "nm": "백",
    "profilePic": "woman.png",
    "title": "11월 두번째 일기!",
    "contents": "그래그래",
    "date": "2023-11-13",
    "emoji": "4",
    "diaryPics": ["img1.jpg", "img2.jpg", "img3.jpg"],
    "hashContents": ["hash1", "hash2", "hash3", "hash4"]
  }
]
